List,Ndex,Name,Type 1,Type 2,hasFemale,image
#000 - Blank,#000,Blank,,,False,0
#001 - Bulbasaur,#001,Bulbasaur,Grass,Poison,False,1
#002 - Ivysaur,#002,Ivysaur,Grass,Poison,False,2
#003 - Venusaur,#003,Venusaur,Grass,Poison,True,3
#004 - Charmander,#004,Charmander,Fire,,False,4
#005 - Charmeleon,#005,Charmeleon,Fire,,False,5
#006 - Charizard,#006,Charizard,Fire,Flying,False,6
#007 - Squirtle,#007,Squirtle,Water,,False,7
#008 - Wartortle,#008,Wartortle,Water,,False,8
#009 - Blastoise,#009,Blastoise,Water,,False,9
#010 - Caterpie,#010,Caterpie,Bug,,False,10
#011 - Metapod,#011,Metapod,Bug,,False,11
#012 - Butterfree,#012,Butterfree,Bug,Flying,True,12
#013 - Weedle,#013,Weedle,Bug,Poison,False,13
#014 - Kakuna,#014,Kakuna,Bug,Poison,False,14
#015 - Beedrill,#015,Beedrill,Bug,Poison,False,15
#016 - Pidgey,#016,Pidgey,Normal,Flying,False,16
#017 - Pidgeotto,#017,Pidgeotto,Normal,Flying,False,17
#018 - Pidgeot,#018,Pidgeot,Normal,Flying,False,18
#019 - Rattata,#019,Rattata,Normal,,True,19
#019 - Rattata (Alola),#019,Rattata (Alola),Dark,Normal,False,19-a
#020 - Raticate,#020,Raticate,Normal,,True,20
#020 - Raticate (Alola),#020,Raticate (Alola),Dark,Normal,False,20-a
#021 - Spearow,#021,Spearow,Normal,Flying,False,21
#022 - Fearow,#022,Fearow,Normal,Flying,False,22
#023 - Ekans,#023,Ekans,Poison,,False,23
#024 - Arbok,#024,Arbok,Poison,,False,24
#025 - Pikachu,#025,Pikachu,Electric,,True,25
#026 - Raichu,#026,Raichu,Electric,,True,26
#026 - Raichu (Alola),#026,Raichu (Alola),Electric,Psychic,False,26-a
#027 - Sandshrew,#027,Sandshrew,Ground,,False,27
#027 - Sandshrew (Alola),#027,Sandshrew (Alola),Ice,Steel,False,27-a
#028 - Sandslash,#028,Sandslash,Ground,,False,28
#028 - Sandslash (Alola),#028,Sandslash (Alola),Ice,Steel,False,28-a
#029 - Nidoran♀,#029,Nidoran♀,Poison,,False,29
#030 - Nidorina,#030,Nidorina,Poison,,False,30
#031 - Nidoqueen,#031,Nidoqueen,Poison,Ground,False,31
#032 - Nidoran♂,#032,Nidoran♂,Poison,,False,32
#033 - Nidorino,#033,Nidorino,Poison,,False,33
#034 - Nidoking,#034,Nidoking,Poison,Ground,False,34
#035 - Clefairy,#035,Clefairy,Fairy,,False,35
#036 - Clefable,#036,Clefable,Fairy,,False,36
#037 - Vulpix,#037,Vulpix,Fire,,False,37
#037 - Vulpix (Alola),#037,Vulpix (Alola),Ice,,False,37-a
#038 - Ninetales,#038,Ninetales,Fire,,False,38
#038 - Ninetales (Alola),#038,Ninetales (Alola),Ice,Fairy,False,38-a
#039 - Jigglypuff,#039,Jigglypuff,Normal,Fairy,False,39
#040 - Wigglytuff,#040,Wigglytuff,Normal,Fairy,False,40
#041 - Zubat,#041,Zubat,Poison,Flying,True,41
#042 - Golbat,#042,Golbat,Poison,Flying,True,42
#043 - Oddish,#043,Oddish,Grass,Poison,False,43
#044 - Gloom,#044,Gloom,Grass,Poison,True,44
#045 - Vileplume,#045,Vileplume,Grass,Poison,True,45
#046 - Paras,#046,Paras,Bug,Grass,False,46
#047 - Parasect,#047,Parasect,Bug,Grass,False,47
#048 - Venonat,#048,Venonat,Bug,Poison,False,48
#049 - Venomoth,#049,Venomoth,Bug,Poison,False,49
#050 - Diglett,#050,Diglett,Ground,,False,50
#050 - Diglett (Alola),#050,Diglett (Alola),Ground,Steel,False,50-a
#051 - Dugtrio,#051,Dugtrio,Ground,,False,51
#051 - Dugtrio (Alola),#051,Dugtrio (Alola),Ground,Steel,False,51-a
#052 - Meowth,#052,Meowth,Normal,,False,52
#052 - Meowth (Alola),#052,Meowth (Alola),Dark,,False,52-a
#052 - Meowth (Galar),#052,Meowth (Galar),Steel,,False,52-g
#053 - Persian,#053,Persian,Normal,,False,53
#053 - Persian (Alola),#053,Persian (Alola),Dark,,False,53-a
#054 - Psyduck,#054,Psyduck,Water,,False,54
#055 - Golduck,#055,Golduck,Water,,False,55
#056 - Mankey,#056,Mankey,Fighting,,False,56
#057 - Primeape,#057,Primeape,Fighting,,False,57
#058 - Growlithe,#058,Growlithe,Fire,,False,58
#059 - Arcanine,#059,Arcanine,Fire,,False,59
#060 - Poliwag,#060,Poliwag,Water,,False,60
#061 - Poliwhirl,#061,Poliwhirl,Water,,False,61
#062 - Poliwrath,#062,Poliwrath,Water,Fighting,False,62
#063 - Abra,#063,Abra,Psychic,,False,63
#064 - Kadabra,#064,Kadabra,Psychic,,True,64
#065 - Alakazam,#065,Alakazam,Psychic,,True,65
#066 - Machop,#066,Machop,Fighting,,False,66
#067 - Machoke,#067,Machoke,Fighting,,False,67
#068 - Machamp,#068,Machamp,Fighting,,False,68
#069 - Bellsprout,#069,Bellsprout,Grass,Poison,False,69
#070 - Weepinbell,#070,Weepinbell,Grass,Poison,False,70
#071 - Victreebel,#071,Victreebel,Grass,Poison,False,71
#072 - Tentacool,#072,Tentacool,Water,Poison,False,72
#073 - Tentacruel,#073,Tentacruel,Water,Poison,False,73
#074 - Geodude,#074,Geodude,Rock,Ground,False,74
#074 - Geodude (Alola),#074,Geodude (Alola),Rock,Electric,False,74-a
#075 - Graveler,#075,Graveler,Rock,Ground,False,75
#075 - Graveler (Alola),#075,Graveler (Alola),Rock,Electric,False,75-a
#076 - Golem,#076,Golem,Rock,Ground,False,76
#076 - Golem (Alola),#076,Golem (Alola),Rock,Electric,False,76-a
#077 - Ponyta,#077,Ponyta,Fire,,False,77
#077 - Ponyta (Galar),#077,Ponyta (Galar),Psychic,,False,77-g
#078 - Rapidash,#078,Rapidash,Fire,,False,78
#078 - Rapidash (Galar),#078,Rapidash (Galar),Psychic,Fairy,False,78-g
#079 - Slowpoke,#079,Slowpoke,Water,Psychic,False,79
#079 - Slowpoke (Galar),#079,Slowpoke (Galar),Psychic,,False,79-g
#080 - Slowbro,#080,Slowbro,Water,Psychic,False,80
#080 - Slowbro (Galar),#080,Slowbro (Galar),Poison,Psychic,False,80-g
#081 - Magnemite,#081,Magnemite,Electric,Steel,False,81
#082 - Magneton,#082,Magneton,Electric,Steel,False,82
#083 - Farfetch'd,#083,Farfetch'd,Normal,Flying,False,83
#083 - Farfetch'd (Galar),#083,Farfetch'd (Galar),Fighting,,False,83-g
#084 - Doduo,#084,Doduo,Normal,Flying,True,84
#085 - Dodrio,#085,Dodrio,Normal,Flying,True,85
#086 - Seel,#086,Seel,Water,,False,86
#087 - Dewgong,#087,Dewgong,Water,Ice,False,87
#088 - Grimer,#088,Grimer,Poison,,False,88
#088 - Grimer (Alola),#088,Grimer (Alola),Poison,Dark,False,88-a
#089 - Muk,#089,Muk,Poison,,False,89
#089 - Muk (Alola),#089,Muk (Alola),Poison,Dark,False,89-a
#090 - Shellder,#090,Shellder,Water,,False,90
#091 - Cloyster,#091,Cloyster,Water,Ice,False,91
#092 - Gastly,#092,Gastly,Ghost,Poison,False,92
#093 - Haunter,#093,Haunter,Ghost,Poison,False,93
#094 - Gengar,#094,Gengar,Ghost,Poison,False,94
#095 - Onix,#095,Onix,Rock,Ground,False,95
#096 - Drowzee,#096,Drowzee,Psychic,,False,96
#097 - Hypno,#097,Hypno,Psychic,,True,97
#098 - Krabby,#098,Krabby,Water,,False,98
#099 - Kingler,#099,Kingler,Water,,False,99
#100 - Voltorb,#100,Voltorb,Electric,,False,100
#101 - Electrode,#101,Electrode,Electric,,False,101
#102 - Exeggcute,#102,Exeggcute,Grass,Psychic,False,102
#103 - Exeggutor,#103,Exeggutor,Grass,Psychic,False,103
#103 - Exeggutor (Alola),#103,Exeggutor (Alola),Grass,Dragon,False,103-a
#104 - Cubone,#104,Cubone,Ground,,False,104
#105 - Marowak,#105,Marowak,Ground,,False,105
#105 - Marowak (Alola),#105,Marowak (Alola),Fire,Ghost,False,105-a
#106 - Hitmonlee,#106,Hitmonlee,Fighting,,False,106
#107 - Hitmonchan,#107,Hitmonchan,Fighting,,False,107
#108 - Lickitung,#108,Lickitung,Normal,,False,108
#109 - Koffing,#109,Koffing,Poison,,False,109
#110 - Weezing,#110,Weezing,Poison,,False,110
#110 - Weezing (Galar),#110,Weezing (Galar),Poison,Fairy,False,110-g
#111 - Rhyhorn,#111,Rhyhorn,Ground,Rock,True,111
#112 - Rhydon,#112,Rhydon,Ground,Rock,True,112
#113 - Chansey,#113,Chansey,Normal,,False,113
#114 - Tangela,#114,Tangela,Grass,,False,114
#115 - Kangaskhan,#115,Kangaskhan,Normal,,False,115
#116 - Horsea,#116,Horsea,Water,,True,116
#117 - Seadra,#117,Seadra,Water,,True,117
#118 - Goldeen,#118,Goldeen,Water,,False,118
#119 - Seaking,#119,Seaking,Water,,False,119
#120 - Staryu,#120,Staryu,Water,,False,120
#121 - Starmie,#121,Starmie,Water,Psychic,False,121
#122 - Mr. Mime,#122,Mr. Mime,Psychic,Fairy,False,122
#122 - Mr. Mime (Galar),#122,Mr. Mime (Galar),Ice,Psychic,False,122-g
#123 - Scyther,#123,Scyther,Bug,Flying,True,123
#124 - Jynx,#124,Jynx,Ice,Psychic,False,124
#125 - Electabuzz,#125,Electabuzz,Electric,,False,125
#126 - Magmar,#126,Magmar,Fire,,False,126
#127 - Pinsir,#127,Pinsir,Bug,,False,127
#128 - Tauros,#128,Tauros,Normal,,False,128
#129 - Magikarp,#129,Magikarp,Water,,True,129
#130 - Gyarados,#130,Gyarados,Water,Flying,True,130
#131 - Lapras,#131,Lapras,Water,Ice,False,131
#132 - Ditto,#132,Ditto,Normal,,False,132
#133 - Eevee,#133,Eevee,Normal,,True,133
#134 - Vaporeon,#134,Vaporeon,Water,,False,134
#135 - Jolteon,#135,Jolteon,Electric,,False,135
#136 - Flareon,#136,Flareon,Fire,,False,136
#137 - Porygon,#137,Porygon,Normal,,False,137
#138 - Omanyte,#138,Omanyte,Rock,Water,False,138
#139 - Omastar,#139,Omastar,Rock,Water,False,139
#140 - Kabuto,#140,Kabuto,Rock,Water,False,140
#141 - Kabutops,#141,Kabutops,Rock,Water,False,141
#142 - Aerodactyl,#142,Aerodactyl,Rock,Flying,False,142
#143 - Snorlax,#143,Snorlax,Normal,,False,143
#144 - Articuno,#144,Articuno,Ice,Flying,False,144
#144 - Articuno (Galar),#144,Articuno (Galar),Psychic,Flying,False,144-g
#145 - Zapdos,#145,Zapdos,Electric,Flying,False,145
#145 - Zapdos (Galar),#145,Zapdos (Galar),Fighting,Flying,False,145-g
#146 - Moltres,#146,Moltres,Fire,Flying,False,146
#146 - Moltres (Galar),#146,Moltres (Galar),Dark,Flying,False,146-g
#147 - Dratini,#147,Dratini,Dragon,,False,147
#148 - Dragonair,#148,Dragonair,Dragon,,False,148
#149 - Dragonite,#149,Dragonite,Dragon,Flying,False,149
#150 - Mewtwo,#150,Mewtwo,Psychic,,False,150
#151 - Mew,#151,Mew,Psychic,,False,151
#152 - Chikorita,#152,Chikorita,Grass,,False,152
#153 - Bayleef,#153,Bayleef,Grass,,False,153
#154 - Meganium,#154,Meganium,Grass,,True,154
#155 - Cyndaquil,#155,Cyndaquil,Fire,,False,155
#156 - Quilava,#156,Quilava,Fire,,False,156
#157 - Typhlosion,#157,Typhlosion,Fire,,False,157
#158 - Totodile,#158,Totodile,Water,,False,158
#159 - Croconaw,#159,Croconaw,Water,,False,159
#160 - Feraligatr,#160,Feraligatr,Water,,False,160
#161 - Sentret,#161,Sentret,Normal,,False,161
#162 - Furret,#162,Furret,Normal,,False,162
#163 - Hoothoot,#163,Hoothoot,Normal,Flying,False,163
#164 - Noctowl,#164,Noctowl,Normal,Flying,False,164
#165 - Ledyba,#165,Ledyba,Bug,Flying,True,165
#166 - Ledian,#166,Ledian,Bug,Flying,True,166
#167 - Spinarak,#167,Spinarak,Bug,Poison,False,167
#168 - Ariados,#168,Ariados,Bug,Poison,False,168
#169 - Crobat,#169,Crobat,Poison,Flying,False,169
#170 - Chinchou,#170,Chinchou,Water,Electric,False,170
#171 - Lanturn,#171,Lanturn,Water,Electric,False,171
#172 - Pichu,#172,Pichu,Electric,,False,172
#173 - Cleffa,#173,Cleffa,Fairy,,False,173
#174 - Igglybuff,#174,Igglybuff,Normal,Fairy,False,174
#175 - Togepi,#175,Togepi,Fairy,,False,175
#176 - Togetic,#176,Togetic,Fairy,Flying,False,176
#177 - Natu,#177,Natu,Psychic,Flying,False,177
#178 - Xatu,#178,Xatu,Psychic,Flying,True,178
#179 - Mareep,#179,Mareep,Electric,,False,179
#180 - Flaaffy,#180,Flaaffy,Electric,,False,180
#181 - Ampharos,#181,Ampharos,Electric,,False,181
#182 - Bellossom,#182,Bellossom,Grass,,False,182
#183 - Marill,#183,Marill,Water,Fairy,False,183
#184 - Azumarill,#184,Azumarill,Water,Fairy,False,184
#185 - Sudowoodo,#185,Sudowoodo,Rock,,True,185
#186 - Politoed,#186,Politoed,Water,,True,186
#187 - Hoppip,#187,Hoppip,Grass,Flying,False,187
#188 - Skiploom,#188,Skiploom,Grass,Flying,False,188
#189 - Jumpluff,#189,Jumpluff,Grass,Flying,False,189
#190 - Aipom,#190,Aipom,Normal,,True,190
#191 - Sunkern,#191,Sunkern,Grass,,False,191
#192 - Sunflora,#192,Sunflora,Grass,,False,192
#193 - Yanma,#193,Yanma,Bug,Flying,False,193
#194 - Wooper,#194,Wooper,Water,Ground,False,194
#195 - Quagsire,#195,Quagsire,Water,Ground,True,195
#196 - Espeon,#196,Espeon,Psychic,,False,196
#197 - Umbreon,#197,Umbreon,Dark,,False,197
#198 - Murkrow,#198,Murkrow,Dark,Flying,True,198
#199 - Slowking,#199,Slowking,Water,Psychic,False,199
#199 - Slowking (Galar),#199,Slowking (Galar),Poison,Psychic,False,199-g
#200 - Misdreavus,#200,Misdreavus,Ghost,,False,200
#201 - Unown,#201,Unown,Psychic,,False,201
#202 - Wobbuffet,#202,Wobbuffet,Psychic,,True,202
#203 - Girafarig,#203,Girafarig,Normal,Psychic,False,203
#204 - Pineco,#204,Pineco,Bug,,False,204
#205 - Forretress,#205,Forretress,Bug,Steel,False,205
#206 - Dunsparce,#206,Dunsparce,Normal,,False,206
#207 - Gligar,#207,Gligar,Ground,Flying,True,207
#208 - Steelix,#208,Steelix,Steel,Ground,True,208
#209 - Snubbull,#209,Snubbull,Fairy,,False,209
#210 - Granbull,#210,Granbull,Fairy,,False,210
#211 - Qwilfish,#211,Qwilfish,Water,Poison,False,211
#212 - Scizor,#212,Scizor,Bug,Steel,True,212
#213 - Shuckle,#213,Shuckle,Bug,Rock,False,213
#214 - Heracross,#214,Heracross,Bug,Fighting,True,214
#215 - Sneasel,#215,Sneasel,Dark,Ice,True,215
#216 - Teddiursa,#216,Teddiursa,Normal,,False,216
#217 - Ursaring,#217,Ursaring,Normal,,True,217
#218 - Slugma,#218,Slugma,Fire,,False,218
#219 - Magcargo,#219,Magcargo,Fire,Rock,False,219
#220 - Swinub,#220,Swinub,Ice,Ground,False,220
#221 - Piloswine,#221,Piloswine,Ice,Ground,True,221
#222 - Corsola,#222,Corsola,Water,Rock,False,222
#222 - Corsola (Galar),#222,Corsola (Galar),Ghost,,False,222-g
#223 - Remoraid,#223,Remoraid,Water,,False,223
#224 - Octillery,#224,Octillery,Water,,True,224
#225 - Delibird,#225,Delibird,Ice,Flying,False,225
#226 - Mantine,#226,Mantine,Water,Flying,False,226
#227 - Skarmory,#227,Skarmory,Steel,Flying,False,227
#228 - Houndour,#228,Houndour,Dark,Fire,False,228
#229 - Houndoom,#229,Houndoom,Dark,Fire,True,229
#230 - Kingdra,#230,Kingdra,Water,Dragon,False,230
#231 - Phanpy,#231,Phanpy,Ground,,False,231
#232 - Donphan,#232,Donphan,Ground,,True,232
#233 - Porygon2,#233,Porygon2,Normal,,False,233
#234 - Stantler,#234,Stantler,Normal,,False,234
#235 - Smeargle,#235,Smeargle,Normal,,False,235
#236 - Tyrogue,#236,Tyrogue,Fighting,,False,236
#237 - Hitmontop,#237,Hitmontop,Fighting,,False,237
#238 - Smoochum,#238,Smoochum,Ice,Psychic,False,238
#239 - Elekid,#239,Elekid,Electric,,False,239
#240 - Magby,#240,Magby,Fire,,False,240
#241 - Miltank,#241,Miltank,Normal,,False,241
#242 - Blissey,#242,Blissey,Normal,,False,242
#243 - Raikou,#243,Raikou,Electric,,False,243
#244 - Entei,#244,Entei,Fire,,False,244
#245 - Suicune,#245,Suicune,Water,,False,245
#246 - Larvitar,#246,Larvitar,Rock,Ground,False,246
#247 - Pupitar,#247,Pupitar,Rock,Ground,False,247
#248 - Tyranitar,#248,Tyranitar,Rock,Dark,False,248
#249 - Lugia,#249,Lugia,Psychic,Flying,False,249
#250 - Ho-Oh,#250,Ho-Oh,Fire,Flying,False,250
#251 - Celebi,#251,Celebi,Psychic,Grass,False,251
#252 - Treecko,#252,Treecko,Grass,,False,252
#253 - Grovyle,#253,Grovyle,Grass,,False,253
#254 - Sceptile,#254,Sceptile,Grass,,False,254
#255 - Torchic,#255,Torchic,Fire,,False,255
#256 - Combusken,#256,Combusken,Fire,Fighting,True,256
#257 - Blaziken,#257,Blaziken,Fire,Fighting,True,257
#258 - Mudkip,#258,Mudkip,Water,,False,258
#259 - Marshtomp,#259,Marshtomp,Water,Ground,False,259
#260 - Swampert,#260,Swampert,Water,Ground,False,260
#261 - Poochyena,#261,Poochyena,Dark,,False,261
#262 - Mightyena,#262,Mightyena,Dark,,False,262
#263 - Zigzagoon,#263,Zigzagoon,Normal,,False,263
#263 - Zigzagoon (Galar),#263,Zigzagoon (Galar),Dark,Normal,False,263-g
#264 - Linoone,#264,Linoone,Normal,,False,264
#264 - Linoone (Galar),#264,Linoone (Galar),Dark,Normal,False,264-g
#265 - Wurmple,#265,Wurmple,Bug,,False,265
#266 - Silcoon,#266,Silcoon,Bug,,False,266
#267 - Beautifly,#267,Beautifly,Bug,Flying,True,267
#268 - Cascoon,#268,Cascoon,Bug,,False,268
#269 - Dustox,#269,Dustox,Bug,Poison,True,269
#270 - Lotad,#270,Lotad,Water,Grass,False,270
#271 - Lombre,#271,Lombre,Water,Grass,False,271
#272 - Ludicolo,#272,Ludicolo,Water,Grass,True,272
#273 - Seedot,#273,Seedot,Grass,,False,273
#274 - Nuzleaf,#274,Nuzleaf,Grass,Dark,True,274
#275 - Shiftry,#275,Shiftry,Grass,Dark,True,275
#276 - Taillow,#276,Taillow,Normal,Flying,False,276
#277 - Swellow,#277,Swellow,Normal,Flying,False,277
#278 - Wingull,#278,Wingull,Water,Flying,False,278
#279 - Pelipper,#279,Pelipper,Water,Flying,False,279
#280 - Ralts,#280,Ralts,Psychic,Fairy,False,280
#281 - Kirlia,#281,Kirlia,Psychic,Fairy,False,281
#282 - Gardevoir,#282,Gardevoir,Psychic,Fairy,False,282
#283 - Surskit,#283,Surskit,Bug,Water,False,283
#284 - Masquerain,#284,Masquerain,Bug,Flying,False,284
#285 - Shroomish,#285,Shroomish,Grass,,False,285
#286 - Breloom,#286,Breloom,Grass,Fighting,False,286
#287 - Slakoth,#287,Slakoth,Normal,,False,287
#288 - Vigoroth,#288,Vigoroth,Normal,,False,288
#289 - Slaking,#289,Slaking,Normal,,False,289
#290 - Nincada,#290,Nincada,Bug,Ground,False,290
#291 - Ninjask,#291,Ninjask,Bug,Flying,False,291
#292 - Shedinja,#292,Shedinja,Bug,Ghost,False,292
#293 - Whismur,#293,Whismur,Normal,,False,293
#294 - Loudred,#294,Loudred,Normal,,False,294
#295 - Exploud,#295,Exploud,Normal,,False,295
#296 - Makuhita,#296,Makuhita,Fighting,,False,296
#297 - Hariyama,#297,Hariyama,Fighting,,False,297
#298 - Azurill,#298,Azurill,Normal,Fairy,False,298
#299 - Nosepass,#299,Nosepass,Rock,,False,299
#300 - Skitty,#300,Skitty,Normal,,False,300
#301 - Delcatty,#301,Delcatty,Normal,,False,301
#302 - Sableye,#302,Sableye,Dark,Ghost,False,302
#303 - Mawile,#303,Mawile,Steel,Fairy,False,303
#304 - Aron,#304,Aron,Steel,Rock,False,304
#305 - Lairon,#305,Lairon,Steel,Rock,False,305
#306 - Aggron,#306,Aggron,Steel,Rock,False,306
#307 - Meditite,#307,Meditite,Fighting,Psychic,True,307
#308 - Medicham,#308,Medicham,Fighting,Psychic,True,308
#309 - Electrike,#309,Electrike,Electric,,False,309
#310 - Manectric,#310,Manectric,Electric,,False,310
#311 - Plusle,#311,Plusle,Electric,,False,311
#312 - Minun,#312,Minun,Electric,,False,312
#313 - Volbeat,#313,Volbeat,Bug,,False,313
#314 - Illumise,#314,Illumise,Bug,,False,314
#315 - Roselia,#315,Roselia,Grass,Poison,True,315
#316 - Gulpin,#316,Gulpin,Poison,,True,316
#317 - Swalot,#317,Swalot,Poison,,True,317
#318 - Carvanha,#318,Carvanha,Water,Dark,False,318
#319 - Sharpedo,#319,Sharpedo,Water,Dark,False,319
#320 - Wailmer,#320,Wailmer,Water,,False,320
#321 - Wailord,#321,Wailord,Water,,False,321
#322 - Numel,#322,Numel,Fire,Ground,True,322
#323 - Camerupt,#323,Camerupt,Fire,Ground,True,323
#324 - Torkoal,#324,Torkoal,Fire,,False,324
#325 - Spoink,#325,Spoink,Psychic,,False,325
#326 - Grumpig,#326,Grumpig,Psychic,,False,326
#327 - Spinda,#327,Spinda,Normal,,False,327
#328 - Trapinch,#328,Trapinch,Ground,,False,328
#329 - Vibrava,#329,Vibrava,Ground,Dragon,False,329
#330 - Flygon,#330,Flygon,Ground,Dragon,False,330
#331 - Cacnea,#331,Cacnea,Grass,,False,331
#332 - Cacturne,#332,Cacturne,Grass,Dark,True,332
#333 - Swablu,#333,Swablu,Normal,Flying,False,333
#334 - Altaria,#334,Altaria,Dragon,Flying,False,334
#335 - Zangoose,#335,Zangoose,Normal,,False,335
#336 - Seviper,#336,Seviper,Poison,,False,336
#337 - Lunatone,#337,Lunatone,Rock,Psychic,False,337
#338 - Solrock,#338,Solrock,Rock,Psychic,False,338
#339 - Barboach,#339,Barboach,Water,Ground,False,339
#340 - Whiscash,#340,Whiscash,Water,Ground,False,340
#341 - Corphish,#341,Corphish,Water,,False,341
#342 - Crawdaunt,#342,Crawdaunt,Water,Dark,False,342
#343 - Baltoy,#343,Baltoy,Ground,Psychic,False,343
#344 - Claydol,#344,Claydol,Ground,Psychic,False,344
#345 - Lileep,#345,Lileep,Rock,Grass,False,345
#346 - Cradily,#346,Cradily,Rock,Grass,False,346
#347 - Anorith,#347,Anorith,Rock,Bug,False,347
#348 - Armaldo,#348,Armaldo,Rock,Bug,False,348
#349 - Feebas,#349,Feebas,Water,,False,349
#350 - Milotic,#350,Milotic,Water,,True,350
#351 - Castform (normal),#351,Castform (normal),Normal,,False,351
#351 - Castform (fire),#351,Castform (fire),Fire,,False,351-fire
#351 - Castform (water),#351,Castform (water),Water,,False,351-water
#351 - Castform (ice),#351,Castform (ice),Ice,,False,351-ice
#352 - Kecleon,#352,Kecleon,Normal,,False,352
#353 - Shuppet,#353,Shuppet,Ghost,,False,353
#354 - Banette,#354,Banette,Ghost,,False,354
#355 - Duskull,#355,Duskull,Ghost,,False,355
#356 - Dusclops,#356,Dusclops,Ghost,,False,356
#357 - Tropius,#357,Tropius,Grass,Flying,False,357
#358 - Chimecho,#358,Chimecho,Psychic,,False,358
#359 - Absol,#359,Absol,Dark,,False,359
#360 - Wynaut,#360,Wynaut,Psychic,,False,360
#361 - Snorunt,#361,Snorunt,Ice,,False,361
#362 - Glalie,#362,Glalie,Ice,,False,362
#363 - Spheal,#363,Spheal,Ice,Water,False,363
#364 - Sealeo,#364,Sealeo,Ice,Water,False,364
#365 - Walrein,#365,Walrein,Ice,Water,False,365
#366 - Clamperl,#366,Clamperl,Water,,False,366
#367 - Huntail,#367,Huntail,Water,,False,367
#368 - Gorebyss,#368,Gorebyss,Water,,False,368
#369 - Relicanth,#369,Relicanth,Water,Rock,True,369
#370 - Luvdisc,#370,Luvdisc,Water,,False,370
#371 - Bagon,#371,Bagon,Dragon,,False,371
#372 - Shelgon,#372,Shelgon,Dragon,,False,372
#373 - Salamence,#373,Salamence,Dragon,Flying,False,373
#374 - Beldum,#374,Beldum,Steel,Psychic,False,374
#375 - Metang,#375,Metang,Steel,Psychic,False,375
#376 - Metagross,#376,Metagross,Steel,Psychic,False,376
#377 - Regirock,#377,Regirock,Rock,,False,377
#378 - Regice,#378,Regice,Ice,,False,378
#379 - Registeel,#379,Registeel,Steel,,False,379
#380 - Latias,#380,Latias,Dragon,Psychic,False,380
#381 - Latios,#381,Latios,Dragon,Psychic,False,381
#382 - Kyogre,#382,Kyogre,Water,,False,382
#383 - Groudon,#383,Groudon,Ground,,False,383
#384 - Rayquaza,#384,Rayquaza,Dragon,Flying,False,384
#385 - Jirachi,#385,Jirachi,Steel,Psychic,False,385
#386 - Deoxys (Normal),#386,Deoxys (Normal),Psychic,,False,386
#386 - Deoxys (Attack),#386,Deoxys (Attack),Psychic,,False,386-attack
#386 - Deoxys (Defense),#386,Deoxys (Defense),Psychic,,False,386-defense
#386 - Deoxys (Speed),#386,Deoxys (Speed),Psychic,,False,386-speed
#387 - Turtwig,#387,Turtwig,Grass,,False,387
#388 - Grotle,#388,Grotle,Grass,,False,388
#389 - Torterra,#389,Torterra,Grass,Ground,False,389
#390 - Chimchar,#390,Chimchar,Fire,,False,390
#391 - Monferno,#391,Monferno,Fire,Fighting,False,391
#392 - Infernape,#392,Infernape,Fire,Fighting,False,392
#393 - Piplup,#393,Piplup,Water,,False,393
#394 - Prinplup,#394,Prinplup,Water,,False,394
#395 - Empoleon,#395,Empoleon,Water,Steel,False,395
#396 - Starly,#396,Starly,Normal,Flying,True,396
#397 - Staravia,#397,Staravia,Normal,Flying,True,397
#398 - Staraptor,#398,Staraptor,Normal,Flying,True,398
#399 - Bidoof,#399,Bidoof,Normal,,True,399
#400 - Bibarel,#400,Bibarel,Normal,Water,True,400
#401 - Kricketot,#401,Kricketot,Bug,,True,401
#402 - Kricketune,#402,Kricketune,Bug,,True,402
#403 - Shinx,#403,Shinx,Electric,,True,403
#404 - Luxio,#404,Luxio,Electric,,True,404
#405 - Luxray,#405,Luxray,Electric,,True,405
#406 - Budew,#406,Budew,Grass,Poison,False,406
#407 - Roserade,#407,Roserade,Grass,Poison,True,407
#408 - Cranidos,#408,Cranidos,Rock,,False,408
#409 - Rampardos,#409,Rampardos,Rock,,False,409
#410 - Shieldon,#410,Shieldon,Rock,Steel,False,410
#411 - Bastiodon,#411,Bastiodon,Rock,Steel,False,411
#412 - Burmy (Plant),#412,Burmy (Plant),Bug,,False,412-plant
#412 - Burmy (Sandy),#412,Burmy (Sandy),Bug,,False,412-sandy
#412 - Burmy (Trash),#412,Burmy (Trash),Bug,,False,412-trash
#413 - Wormadam (Plant),#413,Wormadam (Plant),Bug,Grass,False,413-plant
#413 - Wormadam (Sandy),#413,Wormadam (Sandy),Bug,Ground,False,413-sandy
#413 - Wormadam (Trash),#413,Wormadam (Trash),Bug,Steel,False,413-trash
#414 - Mothim,#414,Mothim,Bug,Flying,False,414
#415 - Combee,#415,Combee,Bug,Flying,True,415
#416 - Vespiquen,#416,Vespiquen,Bug,Flying,False,416
#417 - Pachirisu,#417,Pachirisu,Electric,,True,417
#418 - Buizel,#418,Buizel,Water,,True,418
#419 - Floatzel,#419,Floatzel,Water,,True,419
#420 - Cherubi,#420,Cherubi,Grass,,False,420
#421 - Cherrim,#421,Cherrim,Grass,,False,421
#422 - Shellos (West),#422,Shellos (West),Water,,False,422-west
#422 - Shellos (East),#422,Shellos (East),Water,,False,422-east
#423 - Gastrodon (West),#423,Gastrodon (West),Water,Ground,False,423-west
#423 - Gastrodon (East),#423,Gastrodon (East),Water,Ground,False,423-east
#424 - Ambipom,#424,Ambipom,Normal,,True,424
#425 - Drifloon,#425,Drifloon,Ghost,Flying,False,425
#426 - Drifblim,#426,Drifblim,Ghost,Flying,False,426
#427 - Buneary,#427,Buneary,Normal,,False,427
#428 - Lopunny,#428,Lopunny,Normal,,False,428
#429 - Mismagius,#429,Mismagius,Ghost,,False,429
#430 - Honchkrow,#430,Honchkrow,Dark,Flying,False,430
#431 - Glameow,#431,Glameow,Normal,,False,431
#432 - Purugly,#432,Purugly,Normal,,False,432
#433 - Chingling,#433,Chingling,Psychic,,False,433
#434 - Stunky,#434,Stunky,Poison,Dark,False,434
#435 - Skuntank,#435,Skuntank,Poison,Dark,False,435
#436 - Bronzor,#436,Bronzor,Steel,Psychic,False,436
#437 - Bronzong,#437,Bronzong,Steel,Psychic,False,437
#438 - Bonsly,#438,Bonsly,Rock,,False,438
#439 - Mime Jr.,#439,Mime Jr.,Psychic,Fairy,False,439
#440 - Happiny,#440,Happiny,Normal,,False,440
#441 - Chatot,#441,Chatot,Normal,Flying,False,441
#442 - Spiritomb,#442,Spiritomb,Ghost,Dark,False,442
#443 - Gible,#443,Gible,Dragon,Ground,True,443
#444 - Gabite,#444,Gabite,Dragon,Ground,True,444
#445 - Garchomp,#445,Garchomp,Dragon,Ground,True,445
#446 - Munchlax,#446,Munchlax,Normal,,False,446
#447 - Riolu,#447,Riolu,Fighting,,False,447
#448 - Lucario,#448,Lucario,Fighting,Steel,False,448
#449 - Hippopotas,#449,Hippopotas,Ground,,True,449
#450 - Hippowdon,#450,Hippowdon,Ground,,True,450
#451 - Skorupi,#451,Skorupi,Poison,Bug,False,451
#452 - Drapion,#452,Drapion,Poison,Dark,False,452
#453 - Croagunk,#453,Croagunk,Poison,Fighting,True,453
#454 - Toxicroak,#454,Toxicroak,Poison,Fighting,True,454
#455 - Carnivine,#455,Carnivine,Grass,,False,455
#456 - Finneon,#456,Finneon,Water,,True,456
#457 - Lumineon,#457,Lumineon,Water,,True,457
#458 - Mantyke,#458,Mantyke,Water,Flying,False,458
#459 - Snover,#459,Snover,Grass,Ice,True,459
#460 - Abomasnow,#460,Abomasnow,Grass,Ice,True,460
#461 - Weavile,#461,Weavile,Dark,Ice,True,461
#462 - Magnezone,#462,Magnezone,Electric,Steel,False,462
#463 - Lickilicky,#463,Lickilicky,Normal,,False,463
#464 - Rhyperior,#464,Rhyperior,Ground,Rock,True,464
#465 - Tangrowth,#465,Tangrowth,Grass,,True,465
#466 - Electivire,#466,Electivire,Electric,,False,466
#467 - Magmortar,#467,Magmortar,Fire,,False,467
#468 - Togekiss,#468,Togekiss,Fairy,Flying,False,468
#469 - Yanmega,#469,Yanmega,Bug,Flying,False,469
#470 - Leafeon,#470,Leafeon,Grass,,False,470
#471 - Glaceon,#471,Glaceon,Ice,,False,471
#472 - Gliscor,#472,Gliscor,Ground,Flying,False,472
#473 - Mamoswine,#473,Mamoswine,Ice,Ground,True,473
#474 - Porygon-Z,#474,Porygon-Z,Normal,,False,474
#475 - Gallade,#475,Gallade,Psychic,Fighting,False,475
#476 - Probopass,#476,Probopass,Rock,Steel,False,476
#477 - Dusknoir,#477,Dusknoir,Ghost,,False,477
#478 - Froslass,#478,Froslass,Ice,Ghost,False,478
#479 - Rotom,#479,Rotom,Electric,Ghost,False,479
#479 - Rotom (Heat),#479,Rotom (Heat),Electric,Fire,False,479-heat
#479 - Rotom (Wash),#479,Rotom (Wash),Electric,Water,False,479-wash
#479 - Rotom (Frost),#479,Rotom (Frost),Electric,Ice,False,479-frost
#479 - Rotom (Fan),#479,Rotom (Fan),Electric,Flying,False,479-fan
#479 - Rotom (Mow),#479,Rotom (Mow),Electric,Grass,False,479-mow
#480 - Uxie,#480,Uxie,Psychic,,False,480
#481 - Mesprit,#481,Mesprit,Psychic,,False,481
#482 - Azelf,#482,Azelf,Psychic,,False,482
#483 - Dialga,#483,Dialga,Steel,Dragon,False,483
#484 - Palkia,#484,Palkia,Water,Dragon,False,484
#485 - Heatran,#485,Heatran,Fire,Steel,False,485
#486 - Regigigas,#486,Regigigas,Normal,,False,486
#487 - Giratina (Altered),#487,Giratina (Altered),Ghost,Dragon,False,487-altered
#487 - Giratina (Original),#487,Giratina (Original),Ghost,Dragon,False,487-original
#488 - Cresselia,#488,Cresselia,Psychic,,False,488
#489 - Phione,#489,Phione,Water,,False,489
#490 - Manaphy,#490,Manaphy,Water,,False,490
#491 - Darkrai,#491,Darkrai,Dark,,False,491
#492 - Shaymin (Land),#492,Shaymin (Land),Grass,,False,492-land
#492 - Shaymin (Sky),#492,Shaymin (Sky),Grass,Flying,False,492-sky
#493 - Arceus,#493,Arceus,Normal,,False,493
#494 - Victini,#494,Victini,Psychic,Fire,False,494
#495 - Snivy,#495,Snivy,Grass,,False,495
#496 - Servine,#496,Servine,Grass,,False,496
#497 - Serperior,#497,Serperior,Grass,,False,497
#498 - Tepig,#498,Tepig,Fire,,False,498
#499 - Pignite,#499,Pignite,Fire,Fighting,False,499
#500 - Emboar,#500,Emboar,Fire,Fighting,False,500
#501 - Oshawott,#501,Oshawott,Water,,False,501
#502 - Dewott,#502,Dewott,Water,,False,502
#503 - Samurott,#503,Samurott,Water,,False,503
#504 - Patrat,#504,Patrat,Normal,,False,504
#505 - Watchog,#505,Watchog,Normal,,False,505
#506 - Lillipup,#506,Lillipup,Normal,,False,506
#507 - Herdier,#507,Herdier,Normal,,False,507
#508 - Stoutland,#508,Stoutland,Normal,,False,508
#509 - Purrloin,#509,Purrloin,Dark,,False,509
#510 - Liepard,#510,Liepard,Dark,,False,510
#511 - Pansage,#511,Pansage,Grass,,False,511
#512 - Simisage,#512,Simisage,Grass,,False,512
#513 - Pansear,#513,Pansear,Fire,,False,513
#514 - Simisear,#514,Simisear,Fire,,False,514
#515 - Panpour,#515,Panpour,Water,,False,515
#516 - Simipour,#516,Simipour,Water,,False,516
#517 - Munna,#517,Munna,Psychic,,False,517
#518 - Musharna,#518,Musharna,Psychic,,False,518
#519 - Pidove,#519,Pidove,Normal,Flying,False,519
#520 - Tranquill,#520,Tranquill,Normal,Flying,False,520
#521 - Unfezant,#521,Unfezant,Normal,Flying,True,521
#522 - Blitzle,#522,Blitzle,Electric,,False,522
#523 - Zebstrika,#523,Zebstrika,Electric,,False,523
#524 - Roggenrola,#524,Roggenrola,Rock,,False,524
#525 - Boldore,#525,Boldore,Rock,,False,525
#526 - Gigalith,#526,Gigalith,Rock,,False,526
#527 - Woobat,#527,Woobat,Psychic,Flying,False,527
#528 - Swoobat,#528,Swoobat,Psychic,Flying,False,528
#529 - Drilbur,#529,Drilbur,Ground,,False,529
#530 - Excadrill,#530,Excadrill,Ground,Steel,False,530
#531 - Audino,#531,Audino,Normal,,False,531
#532 - Timburr,#532,Timburr,Fighting,,False,532
#533 - Gurdurr,#533,Gurdurr,Fighting,,False,533
#534 - Conkeldurr,#534,Conkeldurr,Fighting,,False,534
#535 - Tympole,#535,Tympole,Water,,False,535
#536 - Palpitoad,#536,Palpitoad,Water,Ground,False,536
#537 - Seismitoad,#537,Seismitoad,Water,Ground,False,537
#538 - Throh,#538,Throh,Fighting,,False,538
#539 - Sawk,#539,Sawk,Fighting,,False,539
#540 - Sewaddle,#540,Sewaddle,Bug,Grass,False,540
#541 - Swadloon,#541,Swadloon,Bug,Grass,False,541
#542 - Leavanny,#542,Leavanny,Bug,Grass,False,542
#543 - Venipede,#543,Venipede,Bug,Poison,False,543
#544 - Whirlipede,#544,Whirlipede,Bug,Poison,False,544
#545 - Scolipede,#545,Scolipede,Bug,Poison,False,545
#546 - Cottonee,#546,Cottonee,Grass,Fairy,False,546
#547 - Whimsicott,#547,Whimsicott,Grass,Fairy,False,547
#548 - Petilil,#548,Petilil,Grass,,False,548
#549 - Lilligant,#549,Lilligant,Grass,,False,549
#550 - Basculin (Blue),#550,Basculin (Blue),Water,,False,550-blue
#550 - Basculin (Red),#550,Basculin (Red),Water,,False,550-red
#551 - Sandile,#551,Sandile,Ground,Dark,False,551
#552 - Krokorok,#552,Krokorok,Ground,Dark,False,552
#553 - Krookodile,#553,Krookodile,Ground,Dark,False,553
#554 - Darumaka,#554,Darumaka,Fire,,False,554
#554 - Darumaka (Galar),#554,Darumaka (Galar),Ice,,False,554-g
#555 - Darmanitan,#555,Darmanitan,Fire,,False,555
#555 - Darmanitan (Galar),#555,Darmanitan (Galar),Ice,,False,555-g
#556 - Maractus,#556,Maractus,Grass,,False,556
#557 - Dwebble,#557,Dwebble,Bug,Rock,False,557
#558 - Crustle,#558,Crustle,Bug,Rock,False,558
#559 - Scraggy,#559,Scraggy,Dark,Fighting,False,559
#560 - Scrafty,#560,Scrafty,Dark,Fighting,False,560
#561 - Sigilyph,#561,Sigilyph,Psychic,Flying,False,561
#562 - Yamask,#562,Yamask,Ghost,,False,562
#562 - Yamask (Galar),#562,Yamask (Galar),Ground,Ghost,False,562-g
#563 - Cofagrigus,#563,Cofagrigus,Ghost,,False,563
#564 - Tirtouga,#564,Tirtouga,Water,Rock,False,564
#565 - Carracosta,#565,Carracosta,Water,Rock,False,565
#566 - Archen,#566,Archen,Rock,Flying,False,566
#567 - Archeops,#567,Archeops,Rock,Flying,False,567
#568 - Trubbish,#568,Trubbish,Poison,,False,568
#569 - Garbodor,#569,Garbodor,Poison,,False,569
#570 - Zorua,#570,Zorua,Dark,,False,570
#571 - Zoroark,#571,Zoroark,Dark,,False,571
#572 - Minccino,#572,Minccino,Normal,,False,572
#573 - Cinccino,#573,Cinccino,Normal,,False,573
#574 - Gothita,#574,Gothita,Psychic,,False,574
#575 - Gothorita,#575,Gothorita,Psychic,,False,575
#576 - Gothitelle,#576,Gothitelle,Psychic,,False,576
#577 - Solosis,#577,Solosis,Psychic,,False,577
#578 - Duosion,#578,Duosion,Psychic,,False,578
#579 - Reuniclus,#579,Reuniclus,Psychic,,False,579
#580 - Ducklett,#580,Ducklett,Water,Flying,False,580
#581 - Swanna,#581,Swanna,Water,Flying,False,581
#582 - Vanillite,#582,Vanillite,Ice,,False,582
#583 - Vanillish,#583,Vanillish,Ice,,False,583
#584 - Vanilluxe,#584,Vanilluxe,Ice,,False,584
#585 - Deerling,#585,Deerling,Normal,Grass,False,585
#586 - Sawsbuck,#586,Sawsbuck,Normal,Grass,False,586
#587 - Emolga,#587,Emolga,Electric,Flying,False,587
#588 - Karrablast,#588,Karrablast,Bug,,False,588
#589 - Escavalier,#589,Escavalier,Bug,Steel,False,589
#590 - Foongus,#590,Foongus,Grass,Poison,False,590
#591 - Amoonguss,#591,Amoonguss,Grass,Poison,False,591
#592 - Frillish,#592,Frillish,Water,Ghost,True,592
#593 - Jellicent,#593,Jellicent,Water,Ghost,True,593
#594 - Alomomola,#594,Alomomola,Water,,False,594
#595 - Joltik,#595,Joltik,Bug,Electric,False,595
#596 - Galvantula,#596,Galvantula,Bug,Electric,False,596
#597 - Ferroseed,#597,Ferroseed,Grass,Steel,False,597
#598 - Ferrothorn,#598,Ferrothorn,Grass,Steel,False,598
#599 - Klink,#599,Klink,Steel,,False,599
#600 - Klang,#600,Klang,Steel,,False,600
#601 - Klinklang,#601,Klinklang,Steel,,False,601
#602 - Tynamo,#602,Tynamo,Electric,,False,602
#603 - Eelektrik,#603,Eelektrik,Electric,,False,603
#604 - Eelektross,#604,Eelektross,Electric,,False,604
#605 - Elgyem,#605,Elgyem,Psychic,,False,605
#606 - Beheeyem,#606,Beheeyem,Psychic,,False,606
#607 - Litwick,#607,Litwick,Ghost,Fire,False,607
#608 - Lampent,#608,Lampent,Ghost,Fire,False,608
#609 - Chandelure,#609,Chandelure,Ghost,Fire,False,609
#610 - Axew,#610,Axew,Dragon,,False,610
#611 - Fraxure,#611,Fraxure,Dragon,,False,611
#612 - Haxorus,#612,Haxorus,Dragon,,False,612
#613 - Cubchoo,#613,Cubchoo,Ice,,False,613
#614 - Beartic,#614,Beartic,Ice,,False,614
#615 - Cryogonal,#615,Cryogonal,Ice,,False,615
#616 - Shelmet,#616,Shelmet,Bug,,False,616
#617 - Accelgor,#617,Accelgor,Bug,,False,617
#618 - Stunfisk,#618,Stunfisk,Ground,Electric,False,618
#618 - Stunfisk (Galar),#618,Stunfisk (Galar),Ground,Steel,False,618-g
#619 - Mienfoo,#619,Mienfoo,Fighting,,False,619
#620 - Mienshao,#620,Mienshao,Fighting,,False,620
#621 - Druddigon,#621,Druddigon,Dragon,,False,621
#622 - Golett,#622,Golett,Ground,Ghost,False,622
#623 - Golurk,#623,Golurk,Ground,Ghost,False,623
#624 - Pawniard,#624,Pawniard,Dark,Steel,False,624
#625 - Bisharp,#625,Bisharp,Dark,Steel,False,625
#626 - Bouffalant,#626,Bouffalant,Normal,,False,626
#627 - Rufflet,#627,Rufflet,Normal,Flying,False,627
#628 - Braviary,#628,Braviary,Normal,Flying,False,628
#629 - Vullaby,#629,Vullaby,Dark,Flying,False,629
#630 - Mandibuzz,#630,Mandibuzz,Dark,Flying,False,630
#631 - Heatmor,#631,Heatmor,Fire,,False,631
#632 - Durant,#632,Durant,Bug,Steel,False,632
#633 - Deino,#633,Deino,Dark,Dragon,False,633
#634 - Zweilous,#634,Zweilous,Dark,Dragon,False,634
#635 - Hydreigon,#635,Hydreigon,Dark,Dragon,False,635
#636 - Larvesta,#636,Larvesta,Bug,Fire,False,636
#637 - Volcarona,#637,Volcarona,Bug,Fire,False,637
#638 - Cobalion,#638,Cobalion,Steel,Fighting,False,638
#639 - Terrakion,#639,Terrakion,Rock,Fighting,False,639
#640 - Virizion,#640,Virizion,Grass,Fighting,False,640
#641 - Tornadus,#641,Tornadus,Flying,,False,641
#642 - Thundurus,#642,Thundurus,Electric,Flying,False,642
#643 - Reshiram,#643,Reshiram,Dragon,Fire,False,643
#644 - Zekrom,#644,Zekrom,Dragon,Electric,False,644
#645 - Landorus,#645,Landorus,Ground,Flying,False,645
#646 - Kyurem,#646,Kyurem,Dragon,Ice,False,646
#647 - Keldeo,#647,Keldeo,Water,Fighting,False,647
#648 - Meloetta (Aria),#648,Meloetta (Aria),Normal,Psychic,False,648-aria
#648 - Meloetta (Pirouette),#648,Meloetta (Pirouette),Normal,Fighting,False,648-pirouette
#649 - Genesect,#649,Genesect,Bug,Steel,False,649
#650 - Chespin,#650,Chespin,Grass,,False,650
#651 - Quilladin,#651,Quilladin,Grass,,False,651
#652 - Chesnaught,#652,Chesnaught,Grass,Fighting,False,652
#653 - Fennekin,#653,Fennekin,Fire,,False,653
#654 - Braixen,#654,Braixen,Fire,,False,654
#655 - Delphox,#655,Delphox,Fire,Psychic,False,655
#656 - Froakie,#656,Froakie,Water,,False,656
#657 - Frogadier,#657,Frogadier,Water,,False,657
#658 - Greninja,#658,Greninja,Water,Dark,False,658
#659 - Bunnelby,#659,Bunnelby,Normal,,False,659
#660 - Diggersby,#660,Diggersby,Normal,Ground,False,660
#661 - Fletchling,#661,Fletchling,Normal,Flying,False,661
#662 - Fletchinder,#662,Fletchinder,Fire,Flying,False,662
#663 - Talonflame,#663,Talonflame,Fire,Flying,False,663
#664 - Scatterbug,#664,Scatterbug,Bug,,False,664
#665 - Spewpa,#665,Spewpa,Bug,,False,665
#666 - Vivillon,#666,Vivillon,Bug,Flying,False,666
#667 - Litleo,#667,Litleo,Fire,Normal,False,667
#668 - Pyroar,#668,Pyroar,Fire,Normal,True,668
#669 - Flabébé,#669,Flabébé,Fairy,,False,669
#670 - Floette,#670,Floette,Fairy,,False,670
#671 - Florges,#671,Florges,Fairy,,False,671
#672 - Skiddo,#672,Skiddo,Grass,,False,672
#673 - Gogoat,#673,Gogoat,Grass,,False,673
#674 - Pancham,#674,Pancham,Fighting,,False,674
#675 - Pangoro,#675,Pangoro,Fighting,Dark,False,675
#676 - Furfrou,#676,Furfrou,Normal,,False,676
#677 - Espurr,#677,Espurr,Psychic,,False,677
#678 - Meowstic,#678,Meowstic,Psychic,,True,678
#679 - Honedge,#679,Honedge,Steel,Ghost,False,679
#680 - Doublade,#680,Doublade,Steel,Ghost,False,680
#681 - Aegislash,#681,Aegislash,Steel,Ghost,False,681
#682 - Spritzee,#682,Spritzee,Fairy,,False,682
#683 - Aromatisse,#683,Aromatisse,Fairy,,False,683
#684 - Swirlix,#684,Swirlix,Fairy,,False,684
#685 - Slurpuff,#685,Slurpuff,Fairy,,False,685
#686 - Inkay,#686,Inkay,Dark,Psychic,False,686
#687 - Malamar,#687,Malamar,Dark,Psychic,False,687
#688 - Binacle,#688,Binacle,Rock,Water,False,688
#689 - Barbaracle,#689,Barbaracle,Rock,Water,False,689
#690 - Skrelp,#690,Skrelp,Poison,Water,False,690
#691 - Dragalge,#691,Dragalge,Poison,Dragon,False,691
#692 - Clauncher,#692,Clauncher,Water,,False,692
#693 - Clawitzer,#693,Clawitzer,Water,,False,693
#694 - Helioptile,#694,Helioptile,Electric,Normal,False,694
#695 - Heliolisk,#695,Heliolisk,Electric,Normal,False,695
#696 - Tyrunt,#696,Tyrunt,Rock,Dragon,False,696
#697 - Tyrantrum,#697,Tyrantrum,Rock,Dragon,False,697
#698 - Amaura,#698,Amaura,Rock,Ice,False,698
#699 - Aurorus,#699,Aurorus,Rock,Ice,False,699
#700 - Sylveon,#700,Sylveon,Fairy,,False,700
#701 - Hawlucha,#701,Hawlucha,Fighting,Flying,False,701
#702 - Dedenne,#702,Dedenne,Electric,Fairy,False,702
#703 - Carbink,#703,Carbink,Rock,Fairy,False,703
#704 - Goomy,#704,Goomy,Dragon,,False,704
#705 - Sliggoo,#705,Sliggoo,Dragon,,False,705
#706 - Goodra,#706,Goodra,Dragon,,False,706
#707 - Klefki,#707,Klefki,Steel,Fairy,False,707
#708 - Phantump,#708,Phantump,Ghost,Grass,False,708
#709 - Trevenant,#709,Trevenant,Ghost,Grass,False,709
#710 - Pumpkaboo,#710,Pumpkaboo,Ghost,Grass,False,710
#711 - Gourgeist,#711,Gourgeist,Ghost,Grass,False,711
#712 - Bergmite,#712,Bergmite,Ice,,False,712
#713 - Avalugg,#713,Avalugg,Ice,,False,713
#714 - Noibat,#714,Noibat,Flying,Dragon,False,714
#715 - Noivern,#715,Noivern,Flying,Dragon,False,715
#716 - Xerneas,#716,Xerneas,Fairy,,False,716
#717 - Yveltal,#717,Yveltal,Dark,Flying,False,717
#718 - Zygarde,#718,Zygarde,Dragon,Ground,False,718
#719 - Diancie,#719,Diancie,Rock,Fairy,False,719
#720 - Hoopa (Confined),#720,Hoopa (Confined),Psychic,Ghost,False,720-confined
#720 - Hoopa (Unbound),#720,Hoopa (Unbound),Psychic,Dark,False,720-unbound
#721 - Volcanion,#721,Volcanion,Fire,Water,False,721
#722 - Rowlet,#722,Rowlet,Grass,Flying,False,722
#723 - Dartrix,#723,Dartrix,Grass,Flying,False,723
#724 - Decidueye,#724,Decidueye,Grass,Ghost,False,724
#725 - Litten,#725,Litten,Fire,,False,725
#726 - Torracat,#726,Torracat,Fire,,False,726
#727 - Incineroar,#727,Incineroar,Fire,Dark,False,727
#728 - Popplio,#728,Popplio,Water,,False,728
#729 - Brionne,#729,Brionne,Water,,False,729
#730 - Primarina,#730,Primarina,Water,Fairy,False,730
#731 - Pikipek,#731,Pikipek,Normal,Flying,False,731
#732 - Trumbeak,#732,Trumbeak,Normal,Flying,False,732
#733 - Toucannon,#733,Toucannon,Normal,Flying,False,733
#734 - Yungoos,#734,Yungoos,Normal,,False,734
#735 - Gumshoos,#735,Gumshoos,Normal,,False,735
#736 - Grubbin,#736,Grubbin,Bug,,False,736
#737 - Charjabug,#737,Charjabug,Bug,Electric,False,737
#738 - Vikavolt,#738,Vikavolt,Bug,Electric,False,738
#739 - Crabrawler,#739,Crabrawler,Fighting,,False,739
#740 - Crabominable,#740,Crabominable,Fighting,Ice,False,740
#741 - Oricorio (Red),#741,Oricorio (Red),Fire,Flying,False,741-red
#741 - Oricorio (Yellow),#741,Oricorio (Yellow),Electric,Flying,False,741-yellow
#741 - Oricorio (Pink),#741,Oricorio (Pink),Psychic,Flying,False,741-pink
#741 - Oricorio (Purple),#741,Oricorio (Purple),Ghost,Flying,False,741-purple
#742 - Cutiefly,#742,Cutiefly,Bug,Fairy,False,742
#743 - Ribombee,#743,Ribombee,Bug,Fairy,False,743
#744 - Rockruff,#744,Rockruff,Rock,,False,744
#745 - Lycanroc,#745,Lycanroc,Rock,,False,745
#746 - Wishiwashi,#746,Wishiwashi,Water,,False,746
#747 - Mareanie,#747,Mareanie,Poison,Water,False,747
#748 - Toxapex,#748,Toxapex,Poison,Water,False,748
#749 - Mudbray,#749,Mudbray,Ground,,False,749
#750 - Mudsdale,#750,Mudsdale,Ground,,False,750
#751 - Dewpider,#751,Dewpider,Water,Bug,False,751
#752 - Araquanid,#752,Araquanid,Water,Bug,False,752
#753 - Fomantis,#753,Fomantis,Grass,,False,753
#754 - Lurantis,#754,Lurantis,Grass,,False,754
#755 - Morelull,#755,Morelull,Grass,Fairy,False,755
#756 - Shiinotic,#756,Shiinotic,Grass,Fairy,False,756
#757 - Salandit,#757,Salandit,Poison,Fire,False,757
#758 - Salazzle,#758,Salazzle,Poison,Fire,False,758
#759 - Stufful,#759,Stufful,Normal,Fighting,False,759
#760 - Bewear,#760,Bewear,Normal,Fighting,False,760
#761 - Bounsweet,#761,Bounsweet,Grass,,False,761
#762 - Steenee,#762,Steenee,Grass,,False,762
#763 - Tsareena,#763,Tsareena,Grass,,False,763
#764 - Comfey,#764,Comfey,Fairy,,False,764
#765 - Oranguru,#765,Oranguru,Normal,Psychic,False,765
#766 - Passimian,#766,Passimian,Fighting,,False,766
#767 - Wimpod,#767,Wimpod,Bug,Water,False,767
#768 - Golisopod,#768,Golisopod,Bug,Water,False,768
#769 - Sandygast,#769,Sandygast,Ghost,Ground,False,769
#770 - Palossand,#770,Palossand,Ghost,Ground,False,770
#771 - Pyukumuku,#771,Pyukumuku,Water,,False,771
#772 - Type: Null,#772,Type: Null,Normal,,False,772
#773 - Silvally,#773,Silvally,Normal,,False,773
#774 - Minior,#774,Minior,Rock,Flying,False,774
#775 - Komala,#775,Komala,Normal,,False,775
#776 - Turtonator,#776,Turtonator,Fire,Dragon,False,776
#777 - Togedemaru,#777,Togedemaru,Electric,Steel,False,777
#778 - Mimikyu,#778,Mimikyu,Ghost,Fairy,False,778
#779 - Bruxish,#779,Bruxish,Water,Psychic,False,779
#780 - Drampa,#780,Drampa,Normal,Dragon,False,780
#781 - Dhelmise,#781,Dhelmise,Ghost,Grass,False,781
#782 - Jangmo-o,#782,Jangmo-o,Dragon,,False,782
#783 - Hakamo-o,#783,Hakamo-o,Dragon,Fighting,False,783
#784 - Kommo-o,#784,Kommo-o,Dragon,Fighting,False,784
#785 - Tapu Koko,#785,Tapu Koko,Electric,Fairy,False,785
#786 - Tapu Lele,#786,Tapu Lele,Psychic,Fairy,False,786
#787 - Tapu Bulu,#787,Tapu Bulu,Grass,Fairy,False,787
#788 - Tapu Fini,#788,Tapu Fini,Water,Fairy,False,788
#789 - Cosmog,#789,Cosmog,Psychic,,False,789
#790 - Cosmoem,#790,Cosmoem,Psychic,,False,790
#791 - Solgaleo,#791,Solgaleo,Psychic,Steel,False,791
#792 - Lunala,#792,Lunala,Psychic,Ghost,False,792
#793 - Nihilego,#793,Nihilego,Rock,Poison,False,793
#794 - Buzzwole,#794,Buzzwole,Bug,Fighting,False,794
#795 - Pheromosa,#795,Pheromosa,Bug,Fighting,False,795
#796 - Xurkitree,#796,Xurkitree,Electric,,False,796
#797 - Celesteela,#797,Celesteela,Steel,Flying,False,797
#798 - Kartana,#798,Kartana,Grass,Steel,False,798
#799 - Guzzlord,#799,Guzzlord,Dark,Dragon,False,799
#800 - Necrozma,#800,Necrozma,Psychic,,False,800
#801 - Magearna,#801,Magearna,Steel,Fairy,False,801
#802 - Marshadow,#802,Marshadow,Fighting,Ghost,False,802
#803 - Poipole,#803,Poipole,Poison,,False,803
#804 - Naganadel,#804,Naganadel,Poison,Dragon,False,804
#805 - Stakataka,#805,Stakataka,Rock,Steel,False,805
#806 - Blacephalon,#806,Blacephalon,Fire,Ghost,False,806
#807 - Zeraora,#807,Zeraora,Electric,,False,807
#808 - Meltan,#808,Meltan,Steel,,False,808
#809 - Melmetal,#809,Melmetal,Steel,,False,809
#810 - Grookey,#810,Grookey,Grass,,False,810
#811 - Thwackey,#811,Thwackey,Grass,,False,811
#812 - Rillaboom,#812,Rillaboom,Grass,,False,812
#813 - Scorbunny,#813,Scorbunny,Fire,,False,813
#814 - Raboot,#814,Raboot,Fire,,False,814
#815 - Cinderace,#815,Cinderace,Fire,,False,815
#816 - Sobble,#816,Sobble,Water,,False,816
#817 - Drizzile,#817,Drizzile,Water,,False,817
#818 - Inteleon,#818,Inteleon,Water,,False,818
#819 - Skwovet,#819,Skwovet,Normal,,False,819
#820 - Greedent,#820,Greedent,Normal,,False,820
#821 - Rookidee,#821,Rookidee,Flying,,False,821
#822 - Corvisquire,#822,Corvisquire,Flying,,False,822
#823 - Corviknight,#823,Corviknight,Flying,Steel,False,823
#824 - Blipbug,#824,Blipbug,Bug,,False,824
#825 - Dottler,#825,Dottler,Bug,Psychic,False,825
#826 - Orbeetle,#826,Orbeetle,Bug,Psychic,False,826
#827 - Nickit,#827,Nickit,Dark,,False,827
#828 - Thievul,#828,Thievul,Dark,,False,828
#829 - Gossifleur,#829,Gossifleur,Grass,,False,829
#830 - Eldegoss,#830,Eldegoss,Grass,,False,830
#831 - Wooloo,#831,Wooloo,Normal,,False,831
#832 - Dubwool,#832,Dubwool,Normal,,False,832
#833 - Chewtle,#833,Chewtle,Water,,False,833
#834 - Drednaw,#834,Drednaw,Water,Rock,False,834
#835 - Yamper,#835,Yamper,Electric,,False,835
#836 - Boltund,#836,Boltund,Electric,,False,836
#837 - Rolycoly,#837,Rolycoly,Rock,,False,837
#838 - Carkol,#838,Carkol,Rock,Fire,False,838
#839 - Coalossal,#839,Coalossal,Rock,Fire,False,839
#840 - Applin,#840,Applin,Grass,Dragon,False,840
#841 - Flapple,#841,Flapple,Grass,Dragon,False,841
#842 - Appletun,#842,Appletun,Grass,Dragon,False,842
#843 - Silicobra,#843,Silicobra,Ground,,False,843
#844 - Sandaconda,#844,Sandaconda,Ground,,False,844
#845 - Cramorant,#845,Cramorant,Flying,Water,False,845
#846 - Arrokuda,#846,Arrokuda,Water,,False,846
#847 - Barraskewda,#847,Barraskewda,Water,,False,847
#848 - Toxel,#848,Toxel,Electric,Poison,False,848
#849 - Toxtricity,#849,Toxtricity,Electric,Poison,False,849
#850 - Sizzlipede,#850,Sizzlipede,Fire,Bug,False,850
#851 - Centiskorch,#851,Centiskorch,Fire,Bug,False,851
#852 - Clobbopus,#852,Clobbopus,Fighting,,False,852
#853 - Grapploct,#853,Grapploct,Fighting,,False,853
#854 - Sinistea,#854,Sinistea,Ghost,,False,854
#855 - Polteageist,#855,Polteageist,Ghost,,False,855
#856 - Hatenna,#856,Hatenna,Psychic,,False,856
#857 - Hattrem,#857,Hattrem,Psychic,,False,857
#858 - Hatterene,#858,Hatterene,Psychic,Fairy,False,858
#859 - Impidimp,#859,Impidimp,Dark,Fairy,False,859
#860 - Morgrem,#860,Morgrem,Dark,Fairy,False,860
#861 - Grimmsnarl,#861,Grimmsnarl,Dark,Fairy,False,861
#862 - Obstagoon,#862,Obstagoon,Dark,Normal,False,862
#863 - Perrserker,#863,Perrserker,Steel,,False,863
#864 - Cursola,#864,Cursola,Ghost,,False,864
#865 - Sirfetch'd,#865,Sirfetch'd,Fighting,,False,865
#866 - Mr. Rime,#866,Mr. Rime,Ice,Psychic,False,866
#867 - Runerigus,#867,Runerigus,Ground,Ghost,False,867
#868 - Milcery,#868,Milcery,Fairy,,False,868
#869 - Alcremie,#869,Alcremie,Fairy,,False,869
#870 - Falinks,#870,Falinks,Fighting,,False,870
#871 - Pincurchin,#871,Pincurchin,Electric,,False,871
#872 - Snom,#872,Snom,Ice,Bug,False,872
#873 - Frosmoth,#873,Frosmoth,Ice,Bug,False,873
#874 - Stonjourner,#874,Stonjourner,Rock,,False,874
#875 - Eiscue,#875,Eiscue,Ice,,False,875
#876 - Indeedee,#876,Indeedee,Psychic,Normal,True,876
#877 - Morpeko,#877,Morpeko,Electric,Dark,False,877
#878 - Cufant,#878,Cufant,Steel,,False,878
#879 - Copperajah,#879,Copperajah,Steel,,False,879
#880 - Dracozolt,#880,Dracozolt,Electric,Dragon,False,880
#881 - Arctozolt,#881,Arctozolt,Electric,Ice,False,881
#882 - Dracovish,#882,Dracovish,Water,Dragon,False,882
#883 - Arctovish,#883,Arctovish,Water,Ice,False,883
#884 - Duraludon,#884,Duraludon,Steel,Dragon,False,884
#885 - Dreepy,#885,Dreepy,Dragon,Ghost,False,885
#886 - Drakloak,#886,Drakloak,Dragon,Ghost,False,886
#887 - Dragapult,#887,Dragapult,Dragon,Ghost,False,887
#888 - Zacian,#888,Zacian,Fairy,,False,888
#888 - Zacian (Crowned Sword),#888,Zacian (Crowned Sword),Fairy,Steel,False,888-cs
#889 - Zamazenta,#889,Zamazenta,Fighting,,False,889
#889 - Zamazenta (Crowned Shield),#889,Zamazenta (Crowned Shield),Fighting,Steel,False,889-cs
#890 - Eternatus,#890,Eternatus,Poison,Dragon,False,890
#891 - Kubfu,#891,Kubfu,Fighting,,False,891
#892 - Urshifu (Single Strike Style),#892,Urshifu (Single Strike Style),Fighting,Dark,False,892-sss
#892 - Urshifu (Rapid Strike Style),#892,Urshifu (Rapid Strike Style),Fighting,Water,False,892-rss
#893 - Zarude,#893,Zarude,Dark,Grass,False,893
#894 - Regieleki,#894,Regieleki,Electric,,False,894
#895 - Regidrago,#895,Regidrago,Dragon,,False,895
#896 - Glastrier,#896,Glastrier,Ice,,False,896
#897 - Spectrier,#897,Spectrier,Ghost,,False,897
#898 - Calyrex,#898,Calyrex,Psychic,Grass,False,898
#898 - Calyrex (Ice Rider),#898,Calyrex (Ice Rider),Psychic,Ice,False,898-ice
#898 - Calyrex (Shadow Rider),#898,Calyrex (Shadow Rider),Psychic,Ghost,False,898-shadow